asset_i,asset_j,cov
KR_EQ,KR_EQ,0.0324
US_EQ,US_EQ,0.0256
GOLD,GOLD,0.0144
KR_BOND,KR_BOND,0.0025000000000000005
KR_EQ,US_EQ,0.010079999999999999
KR_EQ,GOLD,0.00216
KR_EQ,KR_BOND,-0.0013499999999999999
US_EQ,GOLD,0.0015359999999999998
US_EQ,KR_BOND,-0.0008
GOLD,KR_BOND,0.0
